id,adult,budget,genres,original_title,overview,popularity,poster_path,release_date,revenue,runtime,tagline,title,actor_1,actor_2,actor_3,director,file_path_1,file_path_2,file_path_3
1,N/A,80000000,28,Shazam!,"솔로몬의 지혜, 헤라클레스의 힘, 아틀라스의 체력, 제우스의 권능, 아킬레스의 용기, 머큐리의 스피드까지 우연히 슈퍼 파워를 얻게 된 소년. 자신의 능력을 깨닫고 악당을 물리치는 슈퍼히어로로 다시 태어난다! 주문을 외쳐라, ‘샤잠’!",300.937,/sPZxApU8d90Czd11S60UqOhuP9R.jpg,2019-03-23,321937864,132,모든 히어로의 능력이 하나로 모였다!,샤잠!,69899,2983,1768966,Toby Emmerich,/bi4jh0Kt0uuZGsGJoUUfqmbrjQg.jpg,/oVRl8WMCD4vJiIrlHu2YUjz6CAx.jpg,/nmV9MdbzST4xv8WMHwhVgxkHHjM.jpg
2,N/A,152000000,878,Captain Marvel,"1995년, 공군 파일럿 시절의 기억을 잃고 크리족 전사로 살아가던 캐럴 댄버스(브리 라슨)가 지구에 불시착한다. 쉴드 신참 요원 닉 퓨리(사무엘 L. 잭슨)에게 발견되어 팀을 이룬 그들은 지구로 향하는 더 큰 위협을 감지하고 힘을 합쳐 전쟁을 끝내야 하는데…",282.205,/jWd9tWuoDPN561r7vp4ekngEe7f.jpg,2019-03-06,1037980262,124,"새로운 히어로, 어벤져스의 희망",캡틴 마블,60073,2231,77335,Kevin Feige,/w2PMyoyLU22YvrGK3smVM9fW1jj.jpg,/iNUuGUIHeeGsvOPxMRBnytpxxlz.jpg,/d1hQaeKeAW3FBc3v6tIP5utleU0.jpg
3,N/A,150000000,878,Pokémon Detective Pikachu,"기억을 잃은 채 깨어난 피카츄, 난 누구? 여긴 어디? 유일한 단서는 탐정모자에 적힌 해리란 이름과 주소. 주소 속 아파트에서 자신의 말을 유일하게 알아 듣는, 실종된 해리의 아들 팀 굿맨을 만나게 된다. 명탐정의 촉으로 이건 그야말로 대.박.사.건! 사라진 아빠를 찾기 위해 피카츄와 떠나는 기상천외한 모험이 시작된다. 피카피카!",224.973,/8Vb7PJ2aUzel5iQ6R2Jxe4MTWac.jpg,2019-05-03,170400000,105,"“탐정이 아냐, 명탐정이지!” 세상을 구할 번쩍이는 추리가 시작된다!",명탐정 피카츄,10859,1029934,221192,Rob Letterman,/nDP33LmQwNsnPv29GQazz59HjJI.jpg,/yXybBEC45p84D0Ky7GmQQYrclVr.jpg,/pL29mm6fAkHJ3vgCvximRArHKW0.jpg
4,N/A,N/A,878,仮面ライダー平成ジェネレーションズFOREVER,N/A,213.591,/6sOFQDlkY6El1B2P5gklzJfVdsT.jpg,2018-12-22,N/A,N/A,N/A,가면라이더 헤이세이 제네레이션즈 FOREVER,2101716,1864577,2065347,Kento Shimoyama,N/A,N/A,N/A
5,N/A,N/A,16,映画ドラえもん のび太の宝島,보물을 찾기로 결심한 진구는 도라에몽의 ‘보물찾기 지도’로 수수께끼 섬을 발견한다.  ‘노진구올라호’를 타고 보물섬으로 향하던 도라에몽과 친구들은 해적에게 습격 당하고 이슬이까지 납치되고 마는데…  우연히 바다에서 표류하던 소년 플록과 앵무새 퀴즈를 만나 보물섬의 비밀에 대해 알게 된다! 과연 캡틴도라와 친구들은 수수께끼 섬에 잠든 환상의 보물을 찾을 수 있을까?,186.219,/nWe3eY9YZC2EG5PFwIAENiqay4J.jpg,2018-03-03,N/A,109,“반드시 보물섬을 찾아낼 거야!”,도라에몽: 진구의 보물섬,1241939,932986,9715,Kazuaki Imai,/8OamoIWfC9zmhwhh1PPaBcDoQaH.jpg,/ypIobsijesm73XEVf3f0H828YNe.jpg,/i4qAKNHDXXuzfKpg8X7SCmwKXCk.jpg
6,N/A,50000000,14,Hellboy,"'헬보이' 자신이 소속된 B.P.R.D의 임무로 영국의 한 비밀 단체의 괴수 사냥을 도우러 갔지만 되려 공격을 당하고, 곧 영국에서 어마어마한 일이 벌어지고 있다는 것을 알게 된다. 서기 566년, 아서왕에게 패하고 몸이 7조각으로 나뉘어 봉인된 '블러드 퀸'을 다시 부활시켜 인류를 파멸시키려는 초자연적 빌런들에 의해 영국은 물론 전 세계가 위험에 빠지게 된다. 헬보이는 이들에 맞서 인류를 위험으로부터 구해야만 하는데…",181.271,/gua7L4syuPUZeG35lpu5xvOzquH.jpg,2019-04-10,12015000,121,악마보다 더한 놈이 온다!,헬보이,35029,63,6972,Neil Marshall,/5BkSkNtfrnTuKOtTaZhl8avn4wU.jpg,/djiDKVB07xTy7tDFbWb9k7KLI3E.jpg,/9KUveULSPpJwAAsfquLx4Tg9gFJ.jpg
7,N/A,N/A,35,一吻定情,"A반 남신 ‘장즈수’와 처음 본 순간 KISS한 F반 ‘위안샹친’! 수학처럼 안 풀려도 절대 포기할 수 없는 확률 0% 멀고도 용감한 짝사랑 일대기.  장난 아니게 설레는 로코의 새로운 흥행 공식. 2019년 봄, 너 x 나 = 공식 ♡ 로코",171.395,/wtaSH8MfJSCEIrrEX9SQuHdU5sl.jpg,2019-02-14,N/A,123,내가 좋아하는 사람이 날 좋아할 확률은 얼마나 될까?,장난스런 키스,1473995,1574909,2238409,Frankie Chen,/yY7kr7Rgvo8W0Kr3U0bMV8Zq1qM.jpg,/hsfGfrcYjRew7rCUn5vh7xz0yya.jpg,/un37rkxJADykt8lmm4L6ay6bihM.jpg
8,N/A,60000000,35,Cold Pursuit,"평범한 제설차 운전수이자 올해의 모범시민 ‘넬스 콕스맨’. 법 없이도 살 수 있던 그는 마약 조직의 사이코패스 보스 ‘바이킹’이 꾸며낸 아들의 처참한 죽음 앞에서 분노의 심판자로 다시 태어난다. ‘스피도’, ‘림보’, ‘산타’ 등 마피아들을 연달아 처단하며 그들의 소굴에 한 걸음 가까워질수록 ‘넬스’의 분노는 죽음도 대신할 수 없는 깊은 복수심으로 소용돌이 치는데…",157.306,/r2pzXSlKzof7U7ahrX5hh1HNGit.jpg,2019-02-07,59213931,119,복수에는 자비가 없다,콜드 체이싱,3896,4784,2202462,Michael Shamberg,/aiM3XxYE2JvW1vJ4AC6cI1RjAoT.jpg,/XAvFHWmWjBeJUQEHBbCcXvzdDZ.jpg,/1OjgfTVfXushKmdcQ2Xxn9RbNte.jpg
9,N/A,20000000,878,Glass,"틈틈이 도시의 수호자로 활약하며 지내던 데이빗은 납치범 케빈의 존재를 알게 된다. 두 사람은 서로의 비범한 능력을 알아보지만 대결을 마무리 짓기도 전에 엘리 스테이플 박사(사라 폴슨)에 의해 정신병원에 수감된다. 병원에는 두 사람 외에 미스터 글래스도 입원해 있다. 엘리 박사는 이들을 자신이 슈퍼히어로라 믿는 과대망상 환자로 치부한다. 그 와중에 글래스는 자신만의 계획을 실행에 옮긴다. 불행한 히어로 데이빗과 상처 깊은 안티 히어로 케빈의 대결을 부추기고, 슈퍼히어로의 존재를 세상에 알리고자 한다. 그러면서 자신은 배후의 설계자이자 창조자로 남으려 한다.",150.67,/jFcPLDPjphkW4P4b1JhGN2Ggthk.jpg,2019-01-16,246941965,129,"24개의 인격, 강철 같은 신체, 천재적 두뇌. 마침내 그들이 만났다",글래스,5530,62,2231,M. Night Shyamalan,/lvjscO8wmpEbIfOEZi92Je8Ktlg.jpg,/ngBFDOsx13sFXiMweDoL54XYknR.jpg,/rL1ITQuX0lmSNPu52pRRHUyim5N.jpg
10,N/A,N/A,10749,After,모범생 ‘테사’와 반항아 ‘하딘’ 강렬했던 첫 만남 이후 아슬아슬하고 위태로운 사랑을 시작한다.,150.553,/zTZ7Q9mAwBQoYaR8HgGbmBNp6AC.jpg,2019-04-11,62000000,106,N/A,애프터,1753914,1114487,11826,Jenny Gage,/997ToEZvF2Obp9zNZbY5ELVnmrW.jpg,/1ZF4IDGsUYDLQsn98EHfhwovk6.jpg,/i1JJ57rEGCPZRzGQoi1ScITKruw.jpg
11,N/A,300000000,14,Avengers: Infinity War,"타노스(조시 브롤린)는 6개의 인피니티 스톤을 획득해 신으로 군림하려 한다. 그것은 곧 인류의 절반을 학살해 우주의 균형을 맞추겠다는 뜻. 타노스는 닥터 스트레인지(베네딕트 컴버배치)가 소유한 타임 스톤, 비전(폴 베타니)의 이마에 박혀 있는 마인드 스톤을 차지하기 위해 지구를 침략한다. 아이언맨(로버트 다우니 주니어)과 스파이더맨(톰 홀랜드)은 가디언즈 오브 갤럭시의 멤버들과 타노스를 상대한다. 지구에선 캡틴 아메리카(크리스 에반스), 완다(엘리자베스 올슨), 블랙 위도우(스칼렛 요한슨), 블랙 팬서(채드윅 보스먼) 등이 비전을 지키기 위해 뭉친다.",148.779,/kmP6viwzcEkZeoi1LaVcQemcvZh.jpg,2018-04-25,2046239637,149,영화의 역사를 뒤바꿀 마블의 클라이맥스!,어벤져스: 인피니티 워,3223,74568,16828,Kevin Feige,/bOGkgRGdhrBYJSLpXaxhXVstddV.jpg,/lmZFxXgJE3vgrciwuDib0N8CfQo.jpg,/fjzjVPGJoHDIiK6cFvebcmhxDA7.jpg
12,N/A,20000000,14,Little,N/A,128.981,/4MDB6jJl3U7xK1Gw64zIqt9pQA4.jpg,2019-04-04,17399000,108,N/A,Little,1407498,1455336,35705,Tina Gordon Chism,/tmM78qRhpg0i2Cky8Q8hXKASOXY.jpg,/zbPVujc7qIEqpqkG70t2NpNvHOa.jpg,/zfVJkfADHzKuNt4ivM1YjwwqRdY.jpg
13,N/A,20000000,10749,What Men Want,N/A,116.838,/30IiwvIRqPGjUV0bxJkZfnSiCL.jpg,2019-02-08,69766483,117,N/A,왓 맨 원트,40036,56903,83860,Tina Gordon Chism,/wbAQKi2E5cO0Utk5KDk9yX3kuOu.jpg,/umecegsPpKr2ZXA62Da9CQBVoIO.jpg,/uwxcZs5pCG7DWjEpKbagRZxqV6J.jpg
14,N/A,21000000,27,Pet Sematary,"갑작스런 사고로 딸 엘리를 잃은 크리드(제이슨 클락)는 죽은 것이 살아 돌아온다는 애완동물 공동묘지에 딸을 묻게 되고, 어딘가 다른 모습으로 돌아온 엘리는 무시무시한 공포의 대상이 되어 가족들의 숨통을 조여오는데…",108.941,/vMwJY1zpUZ0zsLFyIqVVWuAzZQz.jpg,2019-04-04,42300000,101,"“아빠, 왜 날 살렸어…?” 죽었던 딸이 돌아오고, 진정한 공포가 시작된다!",공포의 묘지,76512,139150,12074,Dennis Widmyer,/dpJq6trUDOutSPSLrFdROPmzaVn.jpg,/t2sT9VGe6kwbKtNYUSaYcFX5JQn.jpg,/bDDOLvwMUgs5O2B3FNSSkDzdvqv.jpg
15,N/A,129000000,12,How to Train Your Dragon: The Hidden World,바이킹 족장으로 거듭난 히컵과 그의 영원한 친구 투슬리스가 누구도 찾지 못했던 드래곤의 파라다이스 히든월드를 찾아 떠나는 마지막 모험을 담은 스펙터클 액션 어드벤처,108.914,/tR7qCJvVql0OQ42TzE1T6GUxjsI.jpg,2019-01-03,508700470,104,영원히 기억될 그들의 마지막 모험이 시작된다,드래곤 길들이기 3,449,59174,1164,Dean DeBlois,/lFwykSz3Ykj1Q3JXJURnGUTNf1o.jpg,/h3KN24PrOheHVYs9ypuOIdFBEpX.jpg,/lqROGEZ7NvUX08dAzUSJQcy8m74.jpg
16,N/A,N/A,35,名探偵コナン 紺青の拳（フィスト）,"19세기 말에 해적선과 함께 싱가폴 앞 바다에 침몰되었다 알려진 세계 최대의 블루 사파이어인 ""감청의 주먹""은 현지의 부자가 회수에 투자, 무대에 그 모습을 드러냈다. 그 때, 마리나 베이 샌즈에서 살인 사건이 발생. 현장에는 괴도 키드의 「피로 물든 예고장」이 남아 있었다. 한 편, 싱가포르에서 개최되는 가라데 토너먼트를 관전하기 위해 란과 소노코는 현지를 방문했다. 여권을 가지고 있지 않기 때문에 해외로 갈 수 없는 코난은 집을 볼 예정이었지만 그를 이용하려는 키드의 기묘한 방법으로 강제로 싱가포르에 끌려온다. 키드를 따르지 않으면 일본에 갈 수 조차없는 코난은 안경, 시계, 옷 등 모든 걸 빼앗기고 변장하게 된다. 그 정체를 모르고 란이 이름을 묻자 순간 아서 히라이(!?)라고 자칭한다. 이윽고 키드는 어느 저택의 지하 금고에 블루 사파이어가 잠들어 있다는 정보를 얻는다. 아주 간단하게 침입에 성공했다고 생각했지만 너무 위험한 함정이 키드를 기다리고 있었다. 가로막은 건 400전 무패의 최강의 가라테 선수인 쿄고쿠. 키드의 운명은... 그리고 불길한 뭔가를 전조하는 것처럼 싱가포르의 상징인 머라이언에서 진홍색으로 물든 물이 방출된다!",108.595,/gCbJGWpWsmmu4FvqwoG4dkO48EN.jpg,2019-04-12,N/A,N/A,N/A,명탐정 코난: 감청의 주먹,68470,87582,237076,Gosho Aoyama,/wf6VDSi4aFCZfuD8sX8JAKLfJ5m.jpg,/7ZRvoYwQdQS1XBbLmVR7levTFN6.jpg,/4zs7p9UM8RRmeIkADm6toFJTAuq.jpg
17,N/A,200000000,878,Black Panther,"유엔 폭탄 테러로 아버지를 잃은 와칸다의 왕자 티찰라는 시빌 워 이후 고국 와칸다로 돌아가 왕좌에 오른다. 와칸다의 새로운 지도자 블랙팬서가 된 그는 옛 연인이자 와칸다의 스파이 나키아, 호위 무사 오코예와 함께 최강 희귀 금속 비브라늄 폭탄 거래가 이뤄지는 부산을 찾는다. 폭탄 거래의 배후에 있는 인물은 와칸다와 묘종의 연이 있는 정체불명의 남자, 에릭 킬몽거. 그는 놀라운 위력으로 티찰라를 제압하고 와칸다의 새로운 왕이 되려 하고, 이에 블랙 팬서는 피할 수 없는 전쟁에 나서는데...",98.112,/iRkknrX0rRxZHSL79W2Rax0EFsL.jpg,2018-02-13,1346739107,135,마블의 가장 혁신적인 히어로가 온다,블랙 팬서,172069,135651,1267329,Joseph Hiura,/6ELJEzQJ3Y45HczvreC3dg0GV5R.jpg,/b6ZJZHUdMEFECvGiDpJjlfUWela.jpg,/AlFqBwJnokrp9zWTXOUv7uhkaeq.jpg
18,N/A,220000000,12,The Avengers,"에너지원 큐브를 이용한 적의 등장으로 인류가 위험에 처하자 국제평화유지기구인 쉴드의 국장 닉 퓨리(사무엘 L. 잭슨)는 어벤져스 작전을 위해 전 세계에 흩어져 있던 슈퍼히어로들을 찾아나선다. 아이언맨(로버트 다우니 주니어)부터 토르(크리스 헴스워스), 헐크(마크 러팔로), 캡틴 아메리카(크리스 에반스)는 물론, 쉴드의 요원인 블랙 위도우(스칼렛 요한슨), 호크 아이(제레미 레너)까지, 최고의 슈퍼히어로들이 어벤져스의 멤버로 모이게 되지만, 각기 개성이 강한 이들의 만남은 예상치 못한 방향으로 흘러가는데...",97.027,/a4I7nkXh7F5a927cSLMYVhozbs7.jpg,2012-04-25,1519557910,142,최강의 슈퍼히어로들이 모였다.,어벤져스,3223,16828,74568,Joss Whedon,/hbn46fQaRmlpBuUrEiFqv0GDL6Y.jpg,/cpsh9KJPk1r9k9twwcARu4mnTKR.jpg,/dPtGoBAI7pwlMS8LCJJcKlDjuWx.jpg
19,N/A,120000000,10751,Cars,"화려한 성공과 갈채를 꿈꾸는 주인공 라이트닝 맥퀸(오웬 윌슨)은 경주에서 성공하는 것만이 인생의 모든 것이라 생각하는 타오르는 청춘. 하지만 피스톤 컵 챔피온쉽에 참가하기 위해 달리던 중 경쟁과 함성과는 동떨어진 래디에이터 스프링스란 한적한 시골로 들어서게 된다. 이제는 지도에 조차 표시되지 않는 한적한 66번 국도. 조용하지만 다양한 캐릭터들이 큰 열정을 간직하고 있는 이곳에서 맥퀸은 미스터리한 과거를 지닌 닥 허드슨(폴 뉴먼)과 샐리(보니 헌트), 그리고 메이터(래리 더 케이블 가이)를 만나게 된다. 그들을 통해 인생이란 목적지가 아닌, 여행하는 과정 그 자체이며 명성과 스폰서, 트로피 뒤에 가려진 소중한 가치를 깨닫게 되는데...",95.502,/pWFtiGLZdBTEJHrKM3AcTMuw9ue.jpg,2006-06-08,461983149,117,픽사가 신차를 공개합니다,카,887,3636,5149,John Lasseter,/a1MlbLBk5Sy6YvMbSuKfwGlDVlb.jpg,/6pwDuJXUD5DDDkNzomcVTYSzV97.jpg,/fXZIwmAJBGwcSiRz02yuq2FWYhG.jpg
20,N/A,11000000,18,Fighting with My Family,N/A,93.739,/d3jBRiyojyYmJdNHvnpMEuMzfC9.jpg,2019-02-14,35744759,108,N/A,파이팅 위드 마이 패밀리,1373737,17286,11109,Stephen Merchant,/mYKP6qcDUimVMAHQWLOuDHjO19S.jpg,/ye42ldRnGMkSGkKLlPx9shccrzV.jpg,/lG2HKRY8ZviMaECWEv6DDAQlsRL.jpg
21,N/A,170000000,14,Dumbo,"몸보다 훨씬 큰 귀를 가지고 태어나, 뒤뚱거리는 모습으로 서커스단의 웃음거리가 된 ‘덤보’. 어느 날 왕년의 서커스 스타 ‘홀트(콜린 파렐)’와 그의 아이들, 밀리와 조가 ’덤보’가 하늘을 날 수 있다는 것을 알게 되고, 유능한 사업가 ‘반데비어(마이클 키튼)’가 ‘덤보’를 스타로 만들기 위해 접근한다. 매력적인 공중 곡예사 ‘콜레트(에바 그린)’와 함께 하늘을 날게 된 ‘덤보’는 그의 친구들과 함께 환상적인 쇼를 둘러싼 어둠의 비밀을 발견하게 되는데…",86.808,/ffiqLwHHHRKXs6cXKj0278qPi8H.jpg,2019-03-27,215832199,112,온 세상이 사랑한 아기 코끼리 ‘덤보’! 팀 버튼 감독의 상상력을 만나 다시 날아오른다!,덤보,72466,2232,518,Tim Burton,/5tFt6iuGnKapHl5tw0X0cKcnuVo.jpg,/klLlOpBV0BhgUlSuZrLIaYkcDOE.jpg,/cjuD9xIhHYBS8dShhbrWkAr6Orp.jpg
22,N/A,200000000,878,Guardians of the Galaxy Vol. 2,타노스에 맞서 은하계를 구하고 최고의 해결사로 등극한 스타로드 일행. 하지만 소버린 행성의 여사제 아이샤(엘리자베스 데비키)를 돕던 중 옛버릇을 고치지 못하고 행성의 배터리를 훔쳤다가 소버린 종족에 쫓기는 신세가 된다. 그 과정에서 피터의 아버지 에고(커트 러셀)가 그들을 돕는다. 아픈 엄마와 어린 자신을 버리고 떠난 아버지에 대한 원망이 컸던 피터는 에고의 행성에서 아버지의 능력을 확인하곤 그 힘에 이끌린다. 하지만 가모라는 에고의 행성에서 이상한 기운을 감지한다. 한편 반란군에 의해 위기에 처한 욘두(마이클 루커)는 로켓과 그루트의 도움으로 목숨을 구한다.,81.885,/uDuwGhQgffd5GQ695oUfy5oZGqP.jpg,2017-04-19,863756051,136,가장 쿨하고 멋진 마블 히어로가 온다!,가디언즈 오브 갤럭시 Vol. 2,73457,8691,543530,Lisa J. Levine,/aJn9XeesqsrSLKcHfHP4u5985hn.jpg,/tM894AtE7UQTJEoQG6qF6mdfSUT.jpg,/xpFIaHL7Rm5kKLcEPDEMpjh4Xq6.jpg
23,N/A,N/A,9648,The Curse of La Llorona,"1973년, 애나는 남편 없이 두 아이와 살고 있다. 사회복지사인 애나가 담당하던 한 여인의 아이들이 불의의 사고로 목숨을 잃자, 그녀는 이것이 ‘요로나’의 짓이라면서 애나에게도 똑같은 저주가 내릴 것이라 예언한다. 어느 날부터인가 울음소리를 들려오고 의문의 존재가 아이들을 위협하는데...",78.262,/8kllbCOM38idMWXzsk6mMzpbcsC.jpg,2019-04-17,N/A,93,"들리니, 밤마다 우는 ‘요로나’의 울음소리?",요로나의 저주,1817,58650,1538713,Michael Chaves,/u2vGggeMPAkhEtD7bYGfeThsQiM.jpg,/2OKpu0Z6zD4meBQ8bYZb4FtF1bi.jpg,/nbdMoD631M1E7PsTNwj4iaGzaVM.jpg
24,N/A,170000000,12,Guardians of the Galaxy,"자칭 전설의 무법자 스타로드, 그러나 현실은 우주를 떠도는 그저그런 좀도둑에 불과한 피터 퀼(크리스 프랫)은 무엇인지도 모른 채 오브를 훔쳤다가 생고생의 길로 접어든다. 값나가는 유물인 줄 알았던 오브가 실은 어마어마한 힘을 지닌 인피니티 스톤이었던 것. 뜻하지 않게 갤럭시의 절대악 타노스와 로난의 타겟이 된 그는 감옥에서 만난 암살자 가모라(조 샐다나), 거구의 파이터 드랙스(데이브 바티스타), 현상금 사냥꾼 로켓(브래들리 쿠퍼)과 그루트(빈 디젤) 콤비와 불편한 동맹을 맺고 일명 가디언즈 오브 갤럭시를 결성하는데...",77.412,/tJMnQZMNSPFmC6m7hlIYRZZXJti.jpg,2014-07-30,773328629,122,새로운 히어로의 시작을 목격하라,가디언즈 오브 갤럭시,73457,8691,543530,James Gunn,/bHarw8xrmQeqf3t8HpuMY7zoK4x.jpg,/sDaFgf32B9FBfZM1hjAxaj8USdI.jpg,/kHex2XdOmGtazk1VfJjp4bl7BIc.jpg
25,N/A,90000000,35,Spider-Man: Into the Spider-Verse,"평범한 10대 마일스 모랄레스는 우연히 방사능 거미에 물려 스파이더맨 능력을 가지게 된다. 혼란스러워하던 마일스는 악당과 싸우고 있는 피터 파커를 마주치게 되고 피터 파커는 마일스가 자신과 같은 능력을 가지고 있음을 직감한다. 여러 개의 평행세계가 존재한다는 것을 알게 된 마일스와 피터 파커는 이후 스파이더우먼 스파이더 그웬, 스파이더맨 누아르, 스파이더햄 등 평행세계 속 공존하는 모든 스파이더맨들을 만나게 되는데... 하나의 유니버스에서 만나 팀을 결성한 스파이더맨들은 과연 세계를 구할 수 있을까?",77.173,/vnWgIIEWAvWKOI65tm6h6VRbyY8.jpg,2018-12-07,374130437,117,새로운 스파이더맨 평행세계의 시작,스파이더맨: 뉴 유니버스,587506,543505,130640,Phil Lord,/uUiId6cG32JSRI6RyBQSvQtLjz2.jpg,/7d6EY00g1c39SGZOoCJ5Py9nNth.jpg,/6qVF0gnLnbKCgcMfCpCB8GH7B5I.jpg
26,N/A,6000000,53,The Prodigy,"아기때부터 천재적인 지능을 보이며 엄마 ‘새라’를 흡족하게 하던 완벽한 소년 ‘마일스’.  영재교육을 받는 8살이 된 ‘마일스’는 점점 폭력적이고 손에 집착하는 이상 행동을 하며 무서운 소년으로 변해간다. 혹시 살인본능? 아니면 사이코패스? ‘마일스’의 증상을 걱정하던 ‘새라’는 한 의사를 통해 퇴행 최면을 받게 하고, 아들이 과거 끔찍한 일을 저지른 사람에게 빙의 됐다는 사실을 알게 된다.",76.586,/wYKMKjuygREXTfcgsmYD0mBymNh.jpg,2019-02-06,14856291,92,3…2…1. 딸깍 딸깍 넌 지금 이 몸에 들어오기 이전으로 돌아간다.,프로디지,221809,1649803,10132,Nicholas McCarthy,/oxTgovZ3TQ8LLxifUm16ROMULP5.jpg,/7Dh3fxz0qN6Biy3xAxXQQ6hm9iG.jpg,/g5fUxWupgKTSqV3cHSx0QdGT2tB.jpg
27,N/A,180000000,14,Thor: Ragnarok,"은하계를 탐험하던 토르는 오딘의 오랜 숙적 수르트와의 대결에서 승리하는데, 수르트는 라그나로크가 이미 시작됐고, 막을 수 없을 것이라는 의미심장한 말을 남긴다. 한편 오딘의 힘이 약해지며 그가 봉인했던 죽음의 여신 헬라가 나타난다. 오딘의 첫째딸인 그녀는 두 동생, 토르와 로키를 가볍게 제압하고 아스가르드를 정복한다. 헬라와의 전쟁에서 묠니르를 잃고 사카아르라는 미지의 행성에 불시착한 토르는 아스가르드 행성으로 돌아가기 위해 고군분투한다. 행성의 통치자 그랜드 마스터는 행성 최고의 투사 챔피언과 싸워 이기면 행성을 떠나게 해주겠다고 토르에게 제안한다.",76.407,/jwswXltzpGaKZCtz1CiDjXHQYAs.jpg,2017-10-25,853977126,130,"피할 수 없는 세상의 멸망, 라그나로크를 막아라",토르: 라그나로크,74568,91606,112,Jay Oliva,/kaIfm5ryEOwYg8mLbq8HkPuM1Fo.jpg,/5wNUJs23rT5rTBacNyf5h83AynM.jpg,/6YozDnrA2fXdIbB5nWDFHtB5ZY6.jpg
28,N/A,N/A,53,Brightburn,"어느 날, 간절히 아기를 원하던 부부에게 찾아온 다른 세계의 소년 ‘브랜든’. 부모의 보살핌 속에 평범하게 자라던 중 자신에게 숨겨진 강력한 힘을 깨닫게 되면서 인류를 위협할 사악한 본성을 드러내기 시작하는데…",73.857,/eTEXcHiEk6r10HD2015xNYLUWYu.jpg,2019-05-10,N/A,90,두려워하라,더 보이,9281,62562,449513,David Yarovesky,/uHEI6v8ApQusjbaRZ8o7WcLYeWb.jpg,/6ZrW62lKkslQ1eDHuliDPRk5eII.jpg,/b46IOefGqpTwQLtj6Zcbr3nHTlk.jpg
29,N/A,N/A,27,Redcon-1,좀비 바이러스가 런던의 한 교도소로부터 퍼진 이후 살아남은 사람들은 남쪽 장벽 안에 피신 중이다. 점점 좀비들의 전투 능력이 향상되는 가운데 장벽이 무너지는 것은 시간 문제일 뿐. 이 와중에 좀비 사태를 해결할 과학자가 런던에 생존하고 있다는 것을 알게 되고 이 사람을 구하기 위해 8명의 특공대가 파견된다. 주어진 시간은 72시간... 이들의 임무는 성공할 수 있을 것인가?,72.892,/jOYUbe61DQiY628inVkR1KERS30.jpg,2018-09-28,N/A,117,N/A,레드콘 1,80473,20498,81671,Chee Keong Cheung,/palbhPOSYf2g1p18vWd91dDhZLM.jpg,/lOhWYPIA4atSWC71WbIVNCkEAJM.jpg,/k6aqcIEDzdqAfHo8fPkUq6IWadm.jpg
30,N/A,N/A,36,"Extremely Wicked, Shockingly Evil and Vile",잔인한 연쇄살인범 테드 번디를 새로운 시선으로 바라본다. 수년간 번디가 무고하다 믿었던 그의 오랜 연인 리즈. 그녀의 눈에 비친 번디는 어떤 남자였을까.,72.571,/3S9hjxjPePMGUjNRwnA4MrQxJFX.jpg,2019-05-02,N/A,111,N/A,나는 악마를 사랑했다,29222,112561,115150,Joe Berlinger,/5yXNf13ly6kFQSbI5BZRQlDhCib.jpg,/roAfKxzL6DQ35DlD4idFB5hjVuy.jpg,/3elenSeUqIDEZqTStHUp3X9HxVL.jpg
31,N/A,97000000,878,Logan,"2029년 알 수 없는 이유로 돌연변이들이 태어나지 않는 미래, 더이상 엑스맨은 없다. 갈수록 재생력이 약해져 늙고 수척해진 로건(휴 잭맨)은 멕시코 국경지대 은신처에 찰스 교수(패트릭 스튜어트)를 보호 중이다. 뇌에 심각한 손상을 입은 찰스 교수는 과거를 제대로 기억하지 못하는 데다 간헐적으로 주변을 위협하는 발작까지 일으킨다. 찰스 교수와 함께 떠날 배를 사기 위해 리무진 기사로 일하며 돈을 모으는 로건. 어느 날 낯선 여인이 찾아와 돌연변이 소녀 로라(다프네 킨)를 캐나다 국경까지 데려다 달라고 부탁한다. 로건은 로라를 쫓는 기업의 경호집단을 피해 험난한 여정을 떠난다.",72.454,/rja1gdkI1yD4srW0ZvLRPwIbAt8.jpg,2017-02-28,616801808,137,모든 것을 걸고 지키고 싶은 소녀를 만났다,로건,6968,2387,1464650,Lauren Shuler Donner,/5pAGnkFYSsFJ99ZxDIYnhQbQFXs.jpg,/miqmTwqvnYiPEdolZv0biI7vFw2.jpg,/yEv8c6i79vk06sZDC3Z9D8HQLVV.jpg
32,N/A,9000000,878,Escape Room,"거액의 상금이 걸린 방탈출 게임에 초대된 6명의 사람들. 성별, 연령, 출신도 모두 다른 이들은 오직 초대장만을 가지고 세계 최고의 방탈출 게임 회사 ‘미노스’에 모인다. 하지만 초대자는 나타나지 않고, 예고도 없이 시작되는 게임. 불태워 죽일 듯이 순식간에 방안의 온도가 상승하고 6명의 참가자는 탈출하기 위해 단서를 찾기 시작한다. 죽음의 공포 속에서 아슬아슬하게 다음 방으로 넘어간 참가자들은 오븐 룸, 아이스 룸, 업사이드다운 룸, 포이즌 룸, 일루전 룸, 크러쉬 룸을 거치며 이것이 평범한 게임이 아니란 걸 알게 되는데…",71.57,/cblZ470f8YuXug9heP9xCWBkz7k.jpg,2019-01-03,151886836,99,오감 공포를 자극하는 6개 죽음의 방! 출구 없는 방탈출 게임이 시작된다!,이스케이프 룸,1353827,116088,151680,Adam Robitel,/mWLljCmpqlcYQh7uh51BBMwCZwN.jpg,/9IJ1ci1PoZH8XEWrZJkUUKnXwTV.jpg,/3KbInf9thMKpAfVykVpHW5qXdYc.jpg
33,N/A,140000000,10751,Ant-Man and the Wasp,"캡틴 아메리카의 요청으로 독일까지 가서 아이언맨 일행과 싸우고 돌아온 스콧(폴 러드)은 어느 날 이상한 꿈을 꾼다. 그가 행크 핌 박사(마이클 더글러스)와 호프(에반젤린 릴리)에게 꿈 이야기를 들려주자, 호프는 미지의 양자 영역에 갇혀버린 엄마 재닛(미셸 파이퍼)의 메시지라는 것을 확신하게 된다. 행크 핌 박사는 자신의 비밀 연구소에서 그동안 개발해왔던 양자 터널과 탐색기를 이용해 1대 와스프 재닛의 구출작전을 펼치려 하지만, 시공간의 개념이 사라진 양자 영역으로 들어갈 수 있는 기술을 훔쳐 달아난 고스트 고스트(해나 존 케이먼)가 나타나면서 일이 꼬여간다.",70.587,/3E6b73EeYqY7PGJNJWjR9AANXVw.jpg,2018-07-04,622379576,118,진정한 영웅은 사이즈부터 다르다,앤트맨과 와스프,22226,19034,454,Peyton Reed,/6P3c80EOm7BodndGBUAJHHsHKrp.jpg,/xjFgtltOOuBtLdNedQH8M1TTrjc.jpg,/2zY0L7pF1tAoeWQmnMKDMzWUKwu.jpg
34,N/A,20000000,27,Us,"애들레이드와 게이브 윌슨(루피타 뇽오와 윈스턴 듀크)은 아이들을 데리고 캘리포니아 북부에 있는 아들레이드의 오래된 해변가로 여름 휴가를 떠난다. 다음날 합류 한 타일러 가족(엘리자베스 모스와 팀 하이데커)과 함께 해변에서 하루를 보내지만, 애들레이드는 과거에 겪은 트라우마 증상이 심해지며 나쁜 일이 일어날 것이라는 공포에 시달린다. 밤이 되고 윌슨은 차도에 조용히 서있는 네명의 손을 맞잡은 뭔가를 보게 되는데...",70.309,/vfNBftZoXsUnNWccz8ew9h8Jicx.jpg,2019-03-14,216581515,116,우리는 누구인가?,어스,1267329,1447932,2201802,Jordan Peele,/jNUCddkM1fjYcFIcEwFjc7s2H4V.jpg,/ADJ6V8W96It4KElY2SPZvkKPBR.jpg,/AiG8iWpFtFSXAdhStWu6qBaqmv9.jpg
35,N/A,49000000,53,The Highwaymen,"미국 최악의 범죄자 커플 보니와 클라이드를 잡기 위해, FBI와 최신 과학수사 기법을 총동원하는 텍사스 주정부. 하지만 실패만 거듭하면서 전직 레인저 두 명(케빈 코스트너와 우디 해럴슨)이 소환된다. 젊은 경찰들의 조롱에도 불구하고, 오로지 본능과 경험에 의존하는 두 사람. 그들의 숨겨진 실화가 공개된다.",69.678,/4bRYg4l12yDuJvAfqvUOPnBrxno.jpg,2019-03-15,N/A,133,"악명 높은 범죄자들, 스타가 되다. 전설의 레인저들, 역사에 남다.",하이웨이맨,1269,57755,8534,John Lee Hancock,/pZ78ksjPlXf3q2EeONN8WdHE03Y.jpg,/de2WEhXwV8CwsRAzboJz4qTCJI6.jpg,/eqEmSz91rh2jagE8MM4kHHQEK93.jpg
36,N/A,14,12,劇場版「Fate/stay night [Heaven's Feel] ⅠⅠ. lost butterfly」,"10년 만에 후유키시에서 시작된 [성배전쟁]은 이 전쟁의 3대 가문인 마토 가문의 당주 마토 조켄의 참전으로 인하여 일그러지고, 뒤틀리고, 어긋나 버렸다. 마스터로서 싸움에 가담한 에미야 시로도 부상을 입고 서번트인 세이버마저 잃어버렸지만, 그는 마토 사쿠라를 지키기 위해 싸움에서 물러나지 않는다. 하지만 그녀 또한 마술사의 숙명에 사로잡히는데...",68.662,/jrwCvGKj2W2VkyMsyWKbzzx0kew.jpg,2019-01-12,N/A,120,N/A,페이트/스테이 나이트 [헤븐즈 필] 제2장 로스트 버터플라이,82056,114904,151183,Tomonori Sudou,/2zKusjJZd8b2Cdk2C5K9dGFNWiJ.jpg,/vI9C4eT5XPKUkpgRXU9nAsZYzKF.jpg,/ffdxMOnGRL7C6lFcJPvI1kHHTPz.jpg
37,N/A,15000000,18,Miss Bala,"글로리아 푸엔테스(지나 로드리게스 분)는 로스앤젤레스 출신의 라틴 아메리카 메이크업 아티스트로, 가장 친한 친구 스즈(Suzu)를 만나러 멕시코 티후아나를 방문한다.  그들은 만남을 즐기기 위해 현지 나이트클럽에 함께 갔다가 멕시코 갱단과의 범죄에 연루된다.",68.052,/wM9Kn0Q77N25q08x6oEkdpBo7LK.jpg,2019-02-01,15200000,104,N/A,미스 발라,180486,1100144,53650,Catherine Hardwicke,/5OoR3aVpxXluSCe9P5mhqOa36Gb.jpg,/7l65FT2JBDNmypKoWZ0uVFjylh4.jpg,/jUCmbpF7xDXUYfYo5ABjWn250A6.jpg
38,N/A,48000000,18,The Wandering Earth,"​가까운 미래, 태양계 소멸 위기를 맞은 지구는 영하 70도의 이상 기후와 함께 목성과의 충돌이라는 대재앙에 직면한다. 그러자, 전 세계 연합정부는 지구 자체를 태양계 밖으로 이동시키기 위한 범우주적 인류이민계획을 세우는데…",67.512,/yrCsTt8phrO3tYQy0Nwep3bjLKm.jpg,2019-02-05,N/A,126,"37시간 뒤, 모든 것이 사라진다. 대재앙에 맞서 지구를 옮겨라!",유랑지구,78871,2082186,2113005,Frant Gwo,/m5OlkBJZKTlMGJUaxMDINplKBRp.jpg,/3jKynKnUtRERxBFAcvZ8AvkTo4c.jpg,/tInrbWwOvZqfsjvNMlWEa0qm03I.jpg
39,N/A,280000000,878,Avengers: Age of Ultron,"토니 스타크는 뉴욕전쟁 때와 같은 사태가 벌어지지 않도록 한때 가동하려다 중단된 휴면 상태의 평화 유지 프로그램을 작동 시키려 한다. 배너 박사와 함께 지구를 지킬 최강의 인공지능 울트론을 탄생시키게 되지만, 울트론은 예상과 다르게 지배를 벗어나 폭주하기 시작하고 어벤져스는 지구의 운명이 걸린 거대한 시험대에 오르게 된다. 울트론이 자신을 복제해 위협을 가하자 이를 저지하기 위해 아이언맨, 캡틴 아메리카, 토르, 헐크, 블랙위도우, 호크아이 등으로 구성된 어벤져스와 새로 합류하게 되는 퀵 실버, 스칼렛 위치 남매와 불안한 동맹을 맺는다.",66.875,/dOz2bRZ8upRz8mOIu1RdSDzkV02.jpg,2015-04-22,1405403694,141,기다림은 끝났다,어벤져스: 에이지 오브 울트론,3223,16828,74568,Joss Whedon,/rFtsE7Lhlc2jRWF7SRAU0fvrveQ.jpg,/6tZ0Rc4e76VRsREpisbReD0bafh.jpg,/yX3qt6cNeVYx9loRSLq1TZdQBQz.jpg
40,N/A,135000000,878,Bumblebee,"지속된 디셉티콘과의 전쟁에서 위기에 몰린 옵티머스 프라임은 중요한 임무를 가진 오토봇을 지구로 보낸다.  지구에 도착한 오토봇은 인간들에게 쫓기게 되고, 낡은 비틀로 변신해 폐차장에 은둔하던 중,  찰리라는 소녀에 의해 발견된다.  비틀을 수리하던 찰리는 자신의 낡은 자동차가 거대한 로봇으로 변신하는 놀라운 광경을 목격하고,  모든 기억이 사라진 그에게 ‘범블비’라는 이름을 지어주며 서로에게 특별한 존재가 되어간다.  하지만, 범블비의 정체를 파헤치려는 인간들과 그가 가진 비밀을 쫓는 디셉티콘의 추격과 압박은 점점 더 심해지는데…",66.804,/a1XTVjEiShbX1XE6Uvaho49gw3l.jpg,2018-12-15,465895025,114,모든 것을 압도할 진짜 이야기의 시작,범블비,130640,1563266,56446,Michael Bay,/wtZj5nn6hVwgakPdg6y6gm3eFXU.jpg,/hMANgfPHR1tRObNp2oPiOi9mMlz.jpg,/xLBjlP7Vx4vehpT2t1gBpYuutRj.jpg
41,N/A,160000000,14,Aquaman,"정략결혼을 피해 해저 왕국 아틀란티스에서 도망쳐 육지로 오게 된 아틀라나(니콜 키드먼)는 등대지기 톰(테무에라 모리슨)과 사랑에 빠진다. 아틀란티스의 세력으로부터 남편과 아들 아서(제이슨 모모아)을 지키기 위해서 아틀라나는 바다로 돌아가고, 육지에 남은 아서는 어릴 때부터 자신의 초능력을 인지해 인간세계의 해적을 물리치는 등 나름의 활약을 펼친다. 한편 아서의 이부형제 옴(패트릭 윌슨)은 육지를 정복하기 위한 작전을 세운다. 옴의 약혼자이자 네레우스 왕의 딸 메라(앰버 허드)는 아서에게 평화를 위해 해저 7개 왕국의 왕이 되어야만 한다고 설득하는데...",66.684,/zoIFp0S7EdGuQ2iR9eBJb6UxGkv.jpg,2018-12-07,1143689193,143,히어로의 무대가 바뀐다,아쿠아맨,117642,55085,5293,James Wan,/9QusGjxcYvfPD1THg6oW3RLeNn7.jpg,/rDEx4dkDsDd0rGFLIDLQVltNCYu.jpg,/2mwIdr1adYUDgLHLNegxUSOAF9b.jpg
42,N/A,21000000,12,Iron Sky: The Coming Race,N/A,65.755,/l5t2Nf1F7iQUKTrODg93xmQzZLj.jpg,2019-01-25,N/A,90,N/A,아이언 스카이 2,1646,6674,78021,Timo Vuorensola,/lg97HvXE6XAk0Z0aCbuOlx2Ayiv.jpg,/kEY6RjklHdwJfg5Wxnu20aAc618.jpg,/bBOAcifmsoNN44eVnmk8C6qmZVe.jpg
43,N/A,170000000,12,Alita: Battle Angel,모두가 갈망하는 공중도시와 그들을 위해 존재하는 고철도시로 나누어진 26세기. 고철 더미 속 모든 기억을 잃은 채 깨어난 알리타는 마음 따뜻한 의사 이도의 보살핌으로 새로운 삶을 시작한다. 이도는 사이보그인 알리타에게 특별한 과거의 비밀과 영혼이 존재한다는 사실을 깨닫고 미스터리한 과거로부터 그녀를 지키고자 한다. 한편 새로운 친구 휴고는 알리타가 위험한 고철도시를 헤쳐나갈 수 있는 방법과 함께 기억을 되찾도록 돕는다. 알리타가 자신의 과거에 다가 갈수록 도시를 지배하는 악랄한 세력들이 그녀를 노리며 제거하려고 하는데...,65.068,/EmKXs46sx0YjwMY1LaELSPUFim.jpg,2019-01-31,400157800,122,전사가 눈을 뜨고 세상이 깨어난다,알리타: 배틀 엔젤,973667,27319,932967,Robert Rodriguez,/aQXTw3wIWuFMy0beXRiZ1xVKtcf.jpg,/8RKBHHRqOMOLh5qW3sS6TSFTd8h.jpg,/jXDselREPq8TOVGM4dzBBUM7xVk.jpg
44,N/A,48000000,18,Instant Family,"피트와 엘리 부부는 직접 자신들의 아이를 낳는 대신 입양을하기로 하지만, 그들의 계획과는 달리 대부분의 가정에서 입양하기를 꺼리는 십 대 아이 세 명을 입양하게 되는 상황에 놓인다.  서로가 서로의 새로운 가족이 되는 과정 속에서 그들은 갈등을 겪게 되지만 점차 진정한 가족의 의미를 깨닫게 되는데…",62.382,/dic3GdmMpxxfkCQfvZnasb5ZkSG.jpg,2018-11-16,14700000,118,N/A,인스턴트 패밀리,13240,9827,1428070,Sean Anders,/lwICpzZudw8BZ0bODaHgRWCdioB.jpg,/vxmooQwnr6tfa8jDgCwEEIZh5uI.jpg,/hZDmBGKhRRIJplyWowfdHxrUOws.jpg
45,N/A,20000000,53,John Wick,"전설이라 불리던 킬러 ‘존 윅’(키아누 리브스)은 사랑하는 여인을 만나 결혼을 하면서 범죄의 세계에서 은퇴한다. 행복도 잠시, 투병 끝에 부인이 세상을 떠나고 그의 앞으로 부인이 죽기 전에 보낸 강아지 한 마리가 선물로 배달된다.  그러던 어느 날, 그의 집에 괴한들이 들이닥치는데…  더 이상 잃을 것이 없다. 오직 너희만 죽인다! 건드리지 말아야 할 그의 분노를 잘못 깨웠다.  받은 것보다 더 돌려주는 통쾌한 복수, ‘존 윅’의 거침없는 복수가 마침내 폭발한다!",62.11,/v0pGAfI1ZGEv550JIYWhHSAxV7r.jpg,2014-10-22,88761661,101,"존윅, 존 윅",존 윅,6384,6283,71586,Chad Stahelski,/umC04Cozevu8nn3JTDJ1pc7PVTn.jpg,/mFb0ygcue4ITixDkdr7wm1Tdarx.jpg,/iJlGxN0p1suzloBGvvBu3QSSlhT.jpg
46,N/A,9000000,35,Happy Death Day 2U,절대 끝나지 않는 생일에 또다시 갇혀버린 트리와 더 강력하게 돌아온 베이비의 끝내주는 호러테이닝 무비,61.763,/y6Ezb917fuqpOULP5uBfZUvSG8e.jpg,2019-02-13,25327500,100,죽여주게 끝내줄게,해피 데스데이 2 유,1427680,969140,1542831,Christopher Landon,/v99NrmuSYn4HGwwpHWEkMVSeAL3.jpg,/dhNJHBDacrZjSPtwaiwp3idpzxU.jpg,/yysUc4n9kfQAcaem1cD3p5VOi5b.jpg
47,N/A,16000000,18,Tolkien,고아인 한 작가의 우정과 사랑 및 예술적인 영감을 그린 영화로 학교에서 소외된 학생들로 구성된 그룹의 일원으로 지내다가 1차 세계대전에 참전하면서 이들과의 우정에 위기가 다가오며 이런 일련의 일들을 토대로 그 유명한 중간계 소설들을 쓰게되는 영감이 된다.,61.474,/5ElXRKi773koW0mAnRjpNTpgZXZ.jpg,2019-05-03,N/A,112,N/A,톨킨,3292,112561,139654,Dome Karukoski,/wdw0KYwlIVu1VxESXFWM1x2z1dz.jpg,/1dnkgvZ8IUD4Ajr0RLAvLNHJCCy.jpg,/r7D6uz9NtlzJ4zq3jzwdw4sxUjq.jpg
48,N/A,140000000,12,Iron Man,"천재적인 두뇌와 재능으로 세계 최강의 무기업체를 이끄는 CEO이자, 타고난 매력으로 셀러브리티 못지않은 화려한 삶을 살아가던 억만장자 토니 스타크. 아프가니스탄에서 자신이 개발한 신무기 발표를 성공리에 마치고 돌아가던 그는 게릴라군의 갑작스런 공격에 의해 가슴에 치명적인 부상을 입고 게릴라군에게 납치된다. 가까스로 목숨을 건진 그에게 게릴라군은 자신들을 위한 강력한 무기를 개발하라며 그를 위협한다. 그러나 그는 게릴라군을 위한 무기 대신, 탈출을 위한 무기가 장착된 철갑수트를 몰래 만드는 데 성공하고, 그의 첫 수트인 Mark 1를 입고 탈출에 성공한다.",55.253,/318YNPBDdt4VU1nsJDdImGc8Gek.jpg,2008-04-30,585174222,125,이제 업그레이드는 끝났다,아이언맨,3223,18288,1229,Art Marcum,/ZQixhAZx6fH1VNafFXsqa1B8QI.jpg,/hP7Lxr8V2k2PIZY30QnBYCR9I4q.jpg,/qLfS1nV67nye49kSZ6bvh4h1UVD.jpg
49,N/A,150000000,28,Thor,"파괴를 일삼는 요툰하임을 제압한 왕 오딘의 통치로 평화로운 나날을 보내고 있는 신의 세계 아스가르드. 오딘의 아들인 토르의 왕위 계승식이 있던 날, 요툰하임의 지배자인 라우페이는 평화 협정을 위반하고 아스가르드를 침입한다. 이 사건으로 왕위에 오르지 못한 토르는 분노와 모욕감에 요툰하임을 공격하지만 막강한 군대에 포위되어 위기에 몰리게 되고, 오딘은 토르의 오만하고 경솔한 행동에 분노해 토르의 신으로서의 능력을 박탈한 채 인간 세계 미스가르드로 추방한다. 한편 천체의 이상현상을 연구하던 과학자 제인 일행은 거대한 섬광의 흔적을 쫓던 중, 그 현장 한가운데서 지구에 떨어진 토르와 맞닥뜨린다.",60.44,/nJhAsgiUsPVywXITKkxADCWhrVL.jpg,2011-04-21,449326618,115,신으로 태어나 슈퍼히어로가 되다,토르: 천둥의 신,74568,524,91606,Kenneth Branagh,/LvmmDZxkTDqp0DX7mUo621ahdX.jpg,/siiHsWPaP2r8hqPiQsry61gCjGY.jpg,/3SDoquTjagne0jWzdxEu31KFLmw.jpg
50,N/A,N/A,53,John Wick: Chapter 3 – Parabellum,"업계 레전드 킬러 ‘존 윅’은 국제암살자연합을 통해 파문조치를 당한 후 그에게 따라 붙은 역대 최고의 현상금 1,400만 불로 인해 전 세계의 가장 위협적인 킬러들이 그와의 전쟁을 선포한다.",59.803,/ghx93NNkUHStNFIoXRoCMbfsxHv.jpg,2019-05-15,N/A,130,평화를 원한다면 전쟁을 준비하라!,존 윅 3: 파라벨룸,6384,4587,6972,Chad Stahelski,/jEjyjX4izUucoq7A9jmbcT6q3e1.jpg,/5Wo36oWzdblY5Fgvbws0L43trRq.jpg,/c1LfZZY2bC3apqohsKymlM6NqHx.jpg
51,N/A,240000000,878,Captain America: Civil War,"어벤져스가 벌인 전투로 많은 사람들이 불의의 사고를 당하는 등 부수적인 피해가 일어나자 정부는 슈퍼히어로 등록제를 추진하려 한다. 어벤져스의 독자적인 판단에 맡기기보다 직접 관리, 감독하겠다는 게 정부의 속내. 아이언맨(로버트 다우니 주니어)은 정부의 방침을 따라야 한다는 입장인 반면, 캡틴 아메리카(크리스 에반스)는 정부의 감시 없이 자유롭게 지구를 지켜야 한다고 주장한다. 어벤져스 내부는 캡틴 아메리카(윈터 솔져, 팔콘, 호크아이, 스칼렛 위치, 앤트맨)와 아이언맨(블랙위도우, 워머신, 블랙 팬서, 비전, 스파이더맨) 두 입장으로 나뉘어 대립하게 되는데...",58.785,/7zDqxWSMqYME73Qdze3mkrHFqJo.jpg,2016-04-27,1153304495,147,분열은 시작되었다!,캡틴 아메리카: 시빌 워,16828,3223,1245,Anthony Russo,/yi3hZ4mQq8JGyJSi3MBW5nMj1f.jpg,/m5O3SZvQ6EgD5XXXLPIP1wLppeW.jpg,/rqAHkvXldb9tHlnbQDwOzRi0yVD.jpg
52,N/A,N/A,35,A Madea Family Funeral,N/A,58.777,/sFvOTUlZrIxCLdmz1fC16wK0lme.jpg,2019-03-01,46115383,104,N/A,어 마디아 패밀리 퓨너럴,80602,1106869,80611,Tyler Perry,N/A,N/A,N/A
53,N/A,178000000,878,Edge of Tomorrow,"가까운 미래, 미믹이라 불리는 외계 종족의 침략으로 인류는 멸망 위기를 맞는다. 전투를 치른 경험이 한번도 없는 군 공보관 소속 빌 케이지(톰 크루즈) 소령은 전쟁터에 가서 군 홍보 영상을 찍어오라는 4성 장군의 명령을 거절한다. 그 죄로 자살 특공대에 투입된다. 하지만 불가능한 일이 일어난다. 그가 다시 그 끔찍한 날이 시작된 시간에 다시 깨어나 다시 전투에 참여하게 되고 다시 죽었다가 또 다시 살아나는 것. 다시 작전에 참여해 죽었다가 눈을 뜨기를 반복하면서 그는 자신이 외계인과의 접촉으로 같은 시간대를 반복해서 겪게 되는타임루프에 빠졌다는 사실을 알게 된다.",58.463,/mRd73RCMxwwZlAudYKMebE4W32d.jpg,2014-05-27,370541256,113,"인간 병기, 죽어야만 더 강해진다",엣지 오브 투모로우,500,5081,2039,Doug Liman,/7mgKeg18Qml5nJQa56RBZO7dIu0.jpg,/l6fmu8Xg2eH3t39vrRIBIVsrR8U.jpg,/qs0CSIanK6YHewTrWJAMDp3ipt5.jpg
54,N/A,175000000,18,Spider-Man: Homecoming,"토니 스타크(로버트 다우니 주니어)의 제안을 받고 시빌 워에 참여한 피터 파커(톰 홀랜드)은 다음 임무가 언제일지 설렘을 안고 하루하루를 보낸다. 토니는 MIT 진학 준비에 전념할 것을 권하지만 친절한 이웃에 머무는 것은 피터의 성에 차지 않는다. 한편 어벤져스 군단과 외계 세력의 전투로 생긴 산업폐기물을 처리하던 아드리안 툼즈(마이클 키튼)는 그 일이 토니 스타크와 정부에 넘어가면서 하루아침에 빈털터리가 된다. 이에 앙심을 품은 아드리안은 외계 첨단무기를 훔쳐서 개조하는 빌런이 되고, 그의 존재를 알게 된 피터는 도움을 빌리지 않고 자기가 일을 해결해보려고 한다.",56.9,/nS8700DvlmXBVX0UqZZwnCcFB1X.jpg,2017-07-05,880166924,133,마블 히어로의 세대교체,스파이더맨: 홈커밍,1136406,2232,3223,Kevin Feige,/vc8bCGjdVp0UbMNLzHnHSLRbBWQ.jpg,/lAsr1ytUq0ATWdCbcjf59pupPFy.jpg,/tTlAA0REGPXSZPBfWyTW9ipIv1I.jpg
55,N/A,N/A,53,High Life,"고립된 이 우주선에서는 모든 것이 인공적이며 인간의 욕망 또한 통제된다. 과거의 상처로 인해 아이에게 집착하는 의사는, 탑승객이자 지구에서 버려진 죄수들을 대상으로 인공 수정을 시도하고, 아이가 태어난다. 유일한 생존자로 남은 몬테는 어린 딸을 돌보며 버티어 낸다. 블랙홀의 회전 에너지를 확인하여 인류에 크게 기여하려던 임무는 완수하지 못했다. 소녀로 성장한 딸과 몬테는 더 이상 구조의 희망을 기다릴 수 없다. 두 사람은 블랙홀로의 여정을 시작한다.",56.537,/wElOvH7H6sLElsTOLu1MY6oWRUx.jpg,2018-11-07,N/A,113,N/A,하이 라이프,11288,1137,37934,Claire Denis,/9M18vLHaaS3SNdHYrIsIWIHCm1W.jpg,/6gHdAO1Lvk9bjzhY4hX3wVRkAhF.jpg,/de8StGjFG62hDa27mVoc6Bd0cBf.jpg
56,N/A,200000000,12,Fantastic Beasts: The Crimes of Grindelwald,"마법 세계와 비마법 세계의 공존을 깨려고 했던 그린델왈드는 뉴트 스캐맨더(에디 레드메인)와 미국 마법부 의회에 의해 붙잡혔지만, 유럽으로 이송하는 과정에서 탈출하고 만다. 그린델왈드의 탈출 목적은 프랑스 파리에 머무는 것으로 추정되는 크레덴스(에즈라 밀러)를 포섭해 자신의 수하로 삼는 것. 영국으로 돌아왔던 뉴트는 덤블도어 교수(주드 로)로부터 자신은 나설 수 없으니 그린델왈드에 맞서달라는 지령을 받고 역시 파리로 향한다. 뉴트의 친구들, 제이콥(댄 포글러)과 퀴니(앨리슨 수돌), 그리고 오러로 복귀한 티나(캐서린 워터스턴)도 각자의 이유로 파리로 향하는데...",56.193,/6Ik5hJ6gOYvc5F1DdKQaAwamsKd.jpg,2018-11-14,653355901,134,미래를 바꿀 자 누구인가?,신비한 동물들과 그린델왈드의 범죄,37632,77795,998225,David Yates,/qrtRKRzoNkf5vemO9tJ2Y4DrHxQ.jpg,/zsBJzQBPKuoMQm2VI0v1eI4OxYg.jpg,/wDN3FIcQQ1HI7mz1OOKYHSQtaiE.jpg
57,N/A,50000000,53,The Mule,"원예가로 스타 대접을 받는 얼(클린트 이스트우드)은 딸의 결혼식 대신 새로운 백합 품종을 소개하는 파티에 참석할 정도로 일을 우선시한 이기적인 남자다. 12년 후, 영광은 시대에 밀려 사라지고 농장은 경영난으로 문을 닫지만 얼 곁엔 아무도 남아 있지 않다. 가족 곁으로 돌아가고 싶지만 용기가 없던 찰나 멕시코 갱단의 마약 운반책 제안을 받은 얼은 그렇게 번 돈을 가족을 위해 쓰며 지난날의 과오를 바로잡으려 한다. 한편 마약 조직에 새로 나타난 정체불명의 운반책을 잡기 위해 고군분투 중인 특수요원 콜린(브래들리 쿠퍼)이 점차 포위망을 좁혀오는데...",56.145,/uoP6ax0PqMTdd8b2jkpEXuEkqvi.jpg,2018-12-14,171304407,116,그 인생의 마지막 임무,라스트 미션,190,51329,2975,Clint Eastwood,/bTeRgkAavyw1eCtSkaww18wLYNP.jpg,/kVUGNCYTcUnZmEfxsNRjQp9O6Ku.jpg,/h51DdjaDD2aPu1fLHsmpJaaJinS.jpg
58,N/A,175000000,14,Ralph Breaks the Internet,"각종 사고를 치며 게임 속 세상을 뒤집어 놨던 절친 주먹왕 ‘랄프’와 ‘바넬로피’는  버려질 위기에 처한 오락기 부품을 구하기 위해 와이파이를 타고 인터넷 세상에 접속한다. 얼떨결에 올린 동영상으로 순식간에 핵인싸에 등극한 ‘랄프’와 툴도 트랙도 없는 스릴만점 슬로터 레이스 게임에 참여하게 된 ‘바넬로피’ 지금껏 경험한 적 없는 엄청난 스케일과 새로운 재미에 흠뻑 빠진  ‘랄프’와 ‘바넬로피’는 랜섬웨어급 사고로 인터넷 세상을 혼란에 빠뜨리는데…  과연, 이들은 무사히 집에 돌아갈 수 있을까?",54.392,/54HHWP4Sqz22yKGM68kRQXCXXxS.jpg,2018-11-20,473835027,112,오락실 게임 세상에 이어 이번엔 인터넷 세상이 발칵 뒤집힌다?!,주먹왕 랄프 2: 인터넷 속으로,4764,7404,90633,Rich Moore,/88poTBTafMXaz73vYi3c74g0y2k.jpg,/ivhK1NjnFji6lD5dkAThSzd3Mgq.jpg,/uueLW3Vq0LANUaPvoPzzI6i1LeV.jpg
59,N/A,100000000,14,The Lego Movie 2: The Second Part,"시스타 행성의 지멋대로 여왕의 지시로 듀플로 외계인들이 레고 마을을 침공한다. 어마무시 장군이 친구들을 납치하자 에밋은 우주로의 여행을 떠나는데… 에밋과 친구들의 대모험, 이번엔 우주다! 준비됐나요?",54.046,/if4POmDLhJX4Cgiddr1PudDhde8.jpg,2019-01-26,190514361,106,외계인들에게 납치된 친구들을 구하러 우주로!,레고 무비 2,73457,9281,21200,Phil Lord,/8kPozGb4BDrcWBSsGPrkULG2tP9.jpg,/aD5KKGUphqW5XN5InTSID3TUBnh.jpg,/nLvDo1F9xQD4VdFNgtipti7lKYD.jpg
60,N/A,250000000,53,The Fate of the Furious,마침내 평화로운 일상으로 돌아온 리더 도미닉(빈 디젤)과 멤버들. 하지만 레티(미셸 로드리게스)와 쿠바에서 신혼을 만끽 중인 도미닉(빈 디젤)에게 불청객이 찾아온다. 전설적인 해커이자 테러 조직의 리더 사이퍼(샤를리즈 테론)는 도미닉을 협박해 자신의 명령을 따르게 한다. 멤버들은 도미닉이 사이퍼와 함께  사상 최악의 테러를 계획하고 있음을 알게 된다.  리더의 배신으로 위기에 놓인 멤버들은 한때 팀을 모두 전멸시키려 했던 데카드 쇼(제이슨 스타뎀)까지 영입해  최악의 적이 되어버린 도미닉과의 피할 수 없는 대결을 앞두게 되는데...,53.997,/h7tvYU9kN4pKjCIzUhf6PLNhQHT.jpg,2017-04-12,1238764765,136,"최강의 리더, 최악의 적이 되다",분노의 질주: 더 익스트림,12835,976,18918,Vin Diesel,/jzdnhRhG0dsuYorwvSqPqqnM1cV.jpg,/z1sdCwVIqm49BMZSSXUgYTtx3Bh.jpg,/pEL81RWzS3LaybTCf7vp2KvVLhw.jpg
61,N/A,140000000,878,Captain America: The First Avenger,"진주만 공습을 겪은 미국은 선전포고를 하고 제2차 세계대전에 발을 들인다. 스티브 로저스(크리스 에반스)는 왜소하고 마른 체격으로 인해 입대마저 번번히 거부당하지만, 포기를 모르는 근성과 강한 희생 정신을 인정받아 최고의 전사를 양성하는 슈퍼 솔져 프로젝트에 스카우트된다. 비밀리에 진행된 실험을 통해 가장 완벽한 육체와 인간의 한계를 초월한 신체 능력을 얻게 된 스티브는 모두에게 캡틴으로 불리며 영웅으로 새롭게 태어난다. 하지만 거대한 히드라 조직을 앞세운 적의 공격은 한층 막강해지고, 그 핵심에 선 레드 스컬은 인류를 위협하는 최후의 전투를 준비하는데...",47.875,/fmD5UwELxKUgy7ULyVnIPjVrefL.jpg,2011-07-22,370569774,123,"포기를 모르는 자, 최초의 슈퍼히어로로 깨어나다",캡틴 아메리카: 퍼스트 어벤져,16828,39459,60898,Joe Johnston,/pmZtj1FKvQqISS6iQbkiLg5TAsr.jpg,/3qlzyunDrkwWOKEWZRxeIF4HEUC.jpg,/1ueWzFe8Klk5WDurB5j8yl5qdaq.jpg
62,N/A,100000000,53,Robin Hood,돈과 권력을 앞세운 권력층으로 인해 모두가 힘들어진 시기.  전쟁에서 죽은 줄 알았던 귀족 가문의 스무살 청년 ‘로빈’이 나타난 뒤 부자들의 돈만 훔친다는 후드를 쓴 남자에 대한 소문이 들려온다. 정체를 알 수 없는 그에게 막대한 현상금이 걸리지만 번번이 잡는데 실패하고 신출귀몰한 후드의 활약에 사람들도 점차 동요하기 시작하는데…,52.585,/bgclwqkAvhsn7a1MuIwHpXKQaSx.jpg,2018-11-20,73260114,116,우리가 기다려온 새로운 영웅의 탄생! 세상을 뒤집을 통쾌한 한방이 시작된다.,후드,1303037,134,77335,Leonardo DiCaprio,/axjFiijtxdfK3CD9dMwrdgLwblD.jpg,/jU1QYkmhGBTaROH2hphDN5tKCKE.jpg,/fgzpAVcDMzkrIYgQ9ILU97n1peo.jpg
63,N/A,67000000,10752,The Last Legion,"AD 460, 로마제국은 800여년간 강력한 통치력을 발휘하여, 동쪽으로는 메소포타미아, 서쪽으로는 이베리아 반도, 남쪽으로는 이집트, 북쪽으로는 라인강과 다뉴브강에 이르기까지 실로 제국이라 할 만한 맹위를 떨치고 있었다. 12살의 Romulus Augustus가 새 로마제국의 황제가 되는 전날, 바바리안(고트족)의 장군 Odoacer가 부대를 이끌고 로마시 외곽에 자리를 잡는다. 로마제국을 계속 지원하겠으니 자신들의 동남쪽지역 통치를 부정하지 말라는 조약을 맺기 위해 찾아온 것이다. 그러나 로마제국의 황제 Orestes는 이를 거절한다.  다음날 예정대로 Augustus는 새 황제가 되었다. 이때 전 황제 Orestes의 스승인 Ambrosinus가 로마제국의 위험을 예견한다. 그는 일종의 예언과 마법도 하는것으로 알려져 있는 사람이었다. 걱정이 된 아버지는 제4군단장인 Aurelius에게 어린 새 황제의 보호를 맡긴다. 그날 밤. Odoacer는 고트족 부대를 이끌고 축제로 들뜬 로마를 기습한다. 전 황제 Orestes와 아내 Julia를 죽인후 로마를 철저히 파괴한다.  어린황제 Augustus는 사로잡아 타이베리우스 황제가 세웠던 카프리의 감옥에 가둔다. 기습에서 살아남은 제4군단장 Aurelius는 남은 사람들을 모아 어린황제를 구하기 위해 카프리로 향한다. 비잔티움(콘스탄티노플)에서 왔다고 하는 Mira라는 여전사도 함께 떠난다. 구조대가 오고 있는동안, 감옥안에서 줄리어스 시저의 동상을 발견한 Augustus는 예언이 적혀있는 검을 발견한다. 그 예언은 브리타니아의 새 왕을 예견하는 검이었다.  카프리의 감옥에서 Augustus를 무사히 구한 구조대는 Orestes와 맞서 싸우기 위해 로마의 마지막 군단인 제9군단-용의 군단-을 찾아 브리타니아로 떠난다. 브리타니아에 도착한 그들은 제9군단의 흔적을 발견한다. 그리고 자신감을 잃어가는 한무리의 사람들이 그토록 찾아헤매던 제9군단임을 알게되는데...",33.188,/7Nc8q21lPfpHEjBAfuI2P3pJcl2.jpg,2007-04-19,25303038,102,N/A,마지막 군단,5472,2282,87773,Doug Lefler,/pZRC8VRTaQ9d6NHR0enOjKVLJjo.jpg,/w9FP59FMKZEl7LMRaIj3Z7ckjQ1.jpg,/k6V0DOZos8Fcf8KGQ2VMaLRDkrZ.jpg
64,N/A,170000000,14,Thor: The Dark World,"어벤져스의 뉴욕 사건 후, 다시 신들의 고향인 아스가르드 왕국으로 돌아간 토르(크리스 헴스워스)와 로키(톰 히들스턴). 지구를 위협한 로키는 지하 감옥에 갇히고, 토르는 아버지 오딘(안소니 홉킨스)과 함께 우주의 질서를 재정립하기 위해 나선다. 1년 후, 지구에 혼자 남은 제인(나탈리 포트만)은 우연히 태초부터 존재해왔던 어둠의 종족 다크 엘프의 무기 에테르를 얻게 된다. 이 사실을 안 다크엘프의 리더 말레키스는 에테르를 되찾기 위해 제인과 아스가르드를 공격하고, 토르는 사랑하는 여인 제인과 아스가르드 왕국을 지키기 위해 로키에게 위험한 동맹을 제안하게 된다.",51.206,/7Cf6P1bsgrRqpvjsNyMr74Dvm8g.jpg,2013-10-29,644571402,112,태초의 어둠에 맞서기 위한 위험한 동맹이 시작된다!,토르: 다크 월드,74568,524,91606,Alan Taylor,/3FweBee0xZoY77uO1bhUOlQorNH.jpg,/nEyQyVqjF13ToMxMHUzfro8b4U1.jpg,/90seuFwm25GWNbF1ydkaPa4DrdO.jpg
65,N/A,N/A,28,葉問外傳：張天志,"영춘권 일인자 엽문에게 패배한 뒤, 무술계를 떠나 아들과 함께 평범한 삶을 살아가던 ‘장천지’ 우연히 암흑 조직에 쫓기던 한 여자를 도와준 그는 이후 생계는 물론, 목숨마저 위협받게 된다. 술과 마약 등 불법 사업을 확장해나가던 조직이 장천지의 주변 사람들까지 죽음으로 몰고 가자 더 이상 참지 못한 그는 정의를 위해 최후의 결전을 벌이게 되는데…",51.098,/oVrm99JDN7j5Zu2yKqTINIMXasC.jpg,2018-12-20,N/A,107,"엽문에 가려진 또 한 명의 영춘권 마스터, 장천지 2월. 모두의 가슴을 뜨겁게 할 새로운 전설이 탄생한다!",엽문 외전,1183808,543530,1185787,Yuen Woo-ping,/grtVFGJ4ts0nDAPpc1JWbBoVKTu.jpg,/zjeGNkEu134qo4DBFZvHi3IRDgg.jpg,/nv4KsjnhcSIZtuw2mkT9IxoQ5oq.jpg
66,N/A,130000000,35,Mary Poppins Returns,"체리트리 가 17번지에 살고 있는 마이클과 세 아이들은 아내와 엄마를 잃고, 집까지 빼앗길 위기에 처해 슬픔에 잠긴다. 어느 날, 바람의 방향이 바뀌고 마이클의 가족에게 다시 돌아온 ‘메리 포핀스’는 사랑스러운 마법으로 가득 찬 황홀한 경험을 선사하는데…",50.799,/qHUAcbs57DXdCS2jvgNqqfq2L7.jpg,2018-12-13,348807090,131,모두가 기다려온 가장 황홀한 경험,메리 포핀스 리턴즈,5081,1179651,17064,Rob Marshall,/cwiJQXezWz876K3jS57Sq56RYCZ.jpg,/3pvIMjJps4uJr5NOmolY0MXvTYD.jpg,/ahMgQHtqED78PMNuI5Fad8JpBCP.jpg
67,N/A,4000000,9648,Maggie,"좀비 바이러스로 인해 폐허가 된 세상,  ‘웨이드’는 편지 한 통만을 남긴 채 갑자기 사라진 딸 ‘매기’를 찾아 헤맨다.  가까스로 찾은 ‘매기’는 좀비 바이러스에 감염된 상태.  그런 딸을 차마 격리시설에 보낼 수 없는 ‘웨이드’는 어렵사리 ‘매기’를 집으로 데려온다.  ‘웨이드’는 희망을 놓지 않고 ‘매기’를 지극 정성으로 보살피지만,  점점 좀비의 본능이 강해지는 ‘매기’로 인해 마을 사람들은 모두 불안에 떨고  그녀를 딸처럼 아끼던 새엄마 마저 집을 떠나고 만다.  결코 딸을 포기할 수 없는 아빠와, 아빠를 해칠까 두려운 딸.  이들은 어떤 선택을 하게 될까?",50.705,/wOkgQgimnScuFCF50l69zzFkHQb.jpg,2015-05-08,187112,95,"어느 날, 내 딸이 좀비가 되었다. 세상에서 가장 슬픈 좀비 이야기가 온다",매기,1100,17140,20810,Henry Hobson,/uCI4vNT4u9xOIU3pKV3qeaFcuO9.jpg,/obaUEqQhCp9BMGzMRkJIzk1L9Aa.jpg,/lyYJvgJtJAvz4VIoXsVAAL5lP9T.jpg
68,N/A,52000000,10402,Bohemian Rhapsody,"공항 수하물 노동자로 일하며 음악의 꿈을 키우던 이민자 출신의 아웃사이더 파록 버사라. 보컬을 구하던 로컬 밴드에 들어가게 되면서 프레디 머큐리라는 이름으로 밴드 퀸을 이끌게 된다. 시대를 앞서가는 독창적인 음악과 화려한 퍼포먼스로 관중들을 사로잡으며 성장하던 퀸은 방송에서 외면을 받을 것이라는 음반사의 반대에도 불구하고 무려 6분 동안 이어지는 실험적인 곡 보헤미안 랩소디로 대성공을 거두며 월드스타 반열에 오른다. 그러나 독보적인 존재감을 뿜어내던 프레디는 솔로 데뷔라는 유혹에 흔들리게 되고, 오랜 시간 함께 해왔던 멤버들과 결별을 선언하게 되는데...",50.326,/z0lKvIIJGzTBIa22aC0ZhxBxf23.jpg,2018-10-24,835137710,134,"나는 스타가 되지 않을 것이다, 전설이 될 것이다",보헤미안 랩소디,17838,1220123,1452045,Anthony McCarten,/93xA62uLd5CwMOAs37eQ7vPc1iV.jpg,/xcaSYLBhmDzJ6P14bcKe0KTh3QV.jpg,/9441r6izIG2t46C2W1XoKYVN1o.jpg
69,N/A,116000000,28,Venom,진실을 위해서라면 몸을 사리지 않고 사회의 부조리를 취재하는 정의로운 열혈 기자 에디 브록(톰 하디). 거대 기업 라이프 파운데이션의 생체실험에 의혹을 품고 뒤를 쫓던 그는 이들의 사무실에 잠입했다가 실험실에서 외계 생물체 심비오트의 기습 공격을 받게 된다. 심비오트가 숙주의 몸과 정신을 지배할 때 능력을 발휘하는 베놈은 에디의 몸에 기생하며 갖가지 소동을 일으킨다. 한편 비밀리에 인간과 심비오트를 결합해 새로운 생명체를 만들려는 시도를 계속하던 라이프 파운데이션의 회장 드레이크(리즈 아메드) 또한 심비오트의 숙주가 된다.,50.225,/lc8TJW5z261JqSz3oSy5GES2ZXj.jpg,2018-09-28,855013954,112,"영웅인가, 악당인가",베놈,2524,1812,53240,Scott Rosenberg,/VuukZLgaCrho2Ar8Scl9HtV3yD.jpg,/fZL447eRii2HiWBk7QzOIFZoWJd.jpg,/h3EG2tfaCukETiibpLhQeTk1lwR.jpg
70,N/A,166000000,878,Doctor Strange,"오만함과 실력 모두 최고인 신경외과 의사 닥터 스티븐 스트레인지(베네딕트 컴버배치)는 운전 중에 핸드폰을 한 대가로 두 손의 신경이 끊어지는 심각한 부상을 입고 큰 상심에 빠진다. 게다가 모난 말들로 사랑하는 여인 크리스틴 팔머(레이첼 맥아담스)마저 그의 곁을 떠나게 만든다. 그는 치료를 위해 히말라야의 영적 지도자, 에인션트 원(틸다 스윈튼)을 만나 마지막 희망을 걸고 수련을 시작한다. 스트레인지는 빠르게 마법을 터득해 나가는 동시에 세계의 작동원리와 우주를 정복하려는 도르마무 일당의 계략을 알게 된다.",50.169,/znj607KGARz7dcNy5p0odxj17jU.jpg,2016-10-25,677718395,115,당신이 알고 있는 현실이 뒤바뀐다,닥터 스트레인지,71580,5294,53714,Scott Derrickson,/tFI8VLMgSTTU38i8TIsklfqS9Nl.jpg,/am7uBFYnOY9xzxOXnvGgtoIOne9.jpg,/o0PkvPlXAnvLO7mzhQRDmlt2GM7.jpg
71,N/A,N/A,37,The Sisters Brothers,"찰리와 엘리 시스터스 형제는 손에 피를 묻히고 산다. 청부살인이 직업이다. 형제는 파트너 존과 더불어 범죄자를 소탕하지만, 재미를 위해 살인을 하는 것은 아니다. 단지 일일 뿐이다. 동생 찰리가 이 일에 재능을 타고 난 반면, 엘리야는 평범한 삶을 꿈꾼다. 오레곤에서 캘리포니아까지, 새로운 추격이 시작된다.",49.984,/7Tl2nZ6uvmxwK14Skbf9VFHEHpX.jpg,2018-09-19,N/A,122,N/A,시스터스 브라더스,4764,73421,131,Jacques Audiard,/iOa6iD7t7nv6wghPuMdZCaQSDJh.jpg,/2cI0rmMgoZOqP78iQDZwQASkKT3.jpg,/fzvzm3HDEHhnpdiq17pdE7eJ6WJ.jpg
72,N/A,N/A,14,The Silence,공포로 뒤덮인 세상. 열세 살 때 청력을 잃은 소녀 앨리(키어넌 십카)는 가족과 함께 외딴 피난처를 찾아간다. 하지만 그곳에서 앨리와 가족들은 고도로 발달한 앨리의 감각을 이용하려는 사악한 광신도 집단과 마주치는데...,49.676,/lTVOquzxw2DPF3MKuYd1ynz9F6H.jpg,2019-05-16,N/A,91,소리를 쫓아 인간을 사냥하는 의문의 침략자들이 나타난다,더 사일런스,2283,934289,502,John R. Leonetti,/iHJQIKSLHN2mUUWySpj2MO5HVtS.jpg,/vKpjdxQMMS5F2V3KJmiUZvEcMZw.jpg,/ccgwFxx3xpQwGfX6CA1zZ3PyaUd.jpg
73,N/A,60000000,10751,The Kid Who Would Be King,"바위에 꽂힌 미스터리한 검을 발견한 ‘알렉스’(루이스 서키스). 득템의 기쁨도 잠시, 다크포스 풍기는 마법 존재들의 공격에서 가까스로 위기를 모면한다. 마법사 ‘멀린’(패트릭 스튜어트)은 ‘알렉스’가 미래를 구할 왕이 될 아이라 말하고, 레알 베프와 무늬만 친구였던 아이들을 모아 최악의 마녀 ‘모가나’(레베카 퍼거슨)와 싸워야 한다. 최 연 소 초딩 히어로의 탄생• 절대악에 맞서 세상을 구하라!",48.696,/dHAuBMp69Oz9HiHi7RjxGyOIl0f.jpg,2019-01-16,N/A,120,"마음만은 핵인싸, 존재감 제로 아싸 소년 ‘알렉스’ 전설의 레전템 엑스칼리버를 득템하다!",왕이 될 아이,1742624,1182597,221980,Joe Cornish,/jmbgxBd86MshzQQvv5laKvOKoMm.jpg,/5NZdSaEPAByrbtFW7Rp2pUV7CU9.jpg,/fnuGOGYgPQx1qgms6LFBkeeA7aF.jpg
74,N/A,250000000,14,The Hobbit: The Battle of the Five Armies,"빌보 배긴스와 참나무 방패 소린, 난쟁이 족이 떠난 거대한 여정의 끝에 난쟁이 족은 원래 자신들의 터전이던 에레보르에 있는 엄청난 보물을 되찾지만 이는 무시무시한 용 스마우그가 호수마을의 무기력한 주민들을 공격하게 되는 결과를 낳는다. 소린은 탐욕에 서서히 눈이 멀어 우정과 명예를 저버린 채 왕의 보물 아르켄스톤을 찾는다. 암흑의 군주 사우론은 오크 군대를 보내 외로운 산에 기습 공격을 감행한다. 마침내 다섯 군대의 전투가 시작되고 빌보는 본인과 친구들의 목숨을 걸고 싸워야만 하는데...",45.716,/6MKC4xwo4JhaVvblsGdUgjKYFbS.jpg,2014-12-10,956019788,144,마침내 거대한 여정이 끝난다,호빗: 다섯 군대 전투,7060,1327,30315,Dan Hennah,/qhH3GyIfAnGv1pjdV3mw03qAilg.jpg,/uA8Qe2d9bKEdCFakjjdldy3P2pU.jpg,/9tgt63Gk2C0Pu5Q8fkVO1TZuqW9.jpg
75,N/A,N/A,35,Wine Country,"50번째 생일을 맞은 여인. 오랜 여자 친구들이 그날을 축하하기 위해 여행을 떠난다. 하지만 변치 않을 우정은 개뿔, 애증의 판도라 상자가 열렸다! 우리, 아직 친구 맞니?",48.563,/mi5l29DQFdwrTXxbqM2OLbs830H.jpg,2019-05-08,N/A,103,N/A,와인 컨트리,56322,52792,32905,Amy Poehler,/zlGyQVqPoSLDsEgEgdWaUyqkxrC.jpg,/txfEqZ0eT5tcPcWnj1XJ6LLKoAZ.jpg,/hBLaIHQme9PYCskm0SOPYSwQktI.jpg
76,N/A,35000000,28,Mile 22,"군사, 외교의 사각지대에서 임무를 수행하는 실패율 제로의 비밀조직 ‘오버워치’. 그들에게 전 세계 6개 주요 도시의 테러를 막을 수 있는 유일한 정보를 지닌 ‘타겟’이 접근한다. 22마일 떨어진 안전한 장소로 ‘타겟’을 이동시키는 새로운 작전이 시작되고, 타겟을 노리는 적들의 거센 공격이 가해지자 오버워치 팀원들은 작전 성공을 위해 자신들의 목숨을 바꿔가며 1마일씩 이송작전을 수행한다. 적을 뚫고 목적지에 가까워질수록 궁지에 몰리게 된 오버워치 앞에 타겟의 숨겨진 미션이 드러나게 되면서 또 다른 위기를 맞게 되는데…",48.353,/kMDHzgfFNkG2Ih9wsW3TAyGgj7I.jpg,2018-08-16,N/A,95,"목숨을 건 이송작전, 1마일마다 적을 뚫고 타겟을 운반하라!",마일 22,13240,62220,113732,Peter Berg,/2nOMUnQ4OtsKVTmpp3og7MYt4oG.jpg,/A2rIVEV2jOzb4smx8hby1u9UwAm.jpg,/cb57wZaFQpy1M5NGwUZPqJsZe8G.jpg
77,N/A,13000000,27,The First Purge,미국의 공포 스릴러 영화 《더 퍼지》 시리즈의 4번째 작품. 더 퍼지의 프리퀄 이야기를 그린다. 분명 인기가 없었다면 네 번째 시리즈까지 만들어지지 않았을 편부터 특유의 잔인하고 폭력적인 소재와 화제가 됐던 영화이다.,48.221,/litjsBoiydO6JlO70uOX4N3WnNL.jpg,2018-07-04,41953945,97,잔인한 상상력이 주는 강력한 호기심,더 퍼스트 퍼지,1694278,1568053,1376875,Gerard McMurray,/r4clWIxKeWoqrHspQP0XunuUmB7.jpg,/v431FpUYZjKUIw7HtRJtyzYUXTx.jpg,/8FhHeKdeFIhf0pk4RkG1HqbhxRX.jpg
78,N/A,N/A,35,The Hustle,N/A,47.832,/qibqW5Dnvqp4hcEnoTARbQgxwJy.jpg,2019-05-09,N/A,94,N/A,허슬,221581,1813,136127,Jacqueline Schaeffer,/s6awXOxTKYQLSktiIJfI3969dZH.jpg,/d9vjLnlfpgjeELzws9ySoD5luNR.jpg,/kP0IbWg6aWXkd8lblKz3ABjYUyQ.jpg
79,N/A,15000000,18,BlacKkKlansman,"1970년대 초반, 흑인으로는 처음으로 콜로라도 스프링스의 경찰관이 된 론 스털워스(존 데이비드 워싱턴)는 변화를 만들기로 결심하고, 용기있게 위험한 미션을 행한다. KKK단에 잠입하여 그들의 실체를 드러내는 것. 그는 노련한 동료 플립 짐머맨(아담 드라이버)을 이 비밀 수사에 합류시킨다. 함께 뭉친 이들은 주류사회의 지지를 얻고자 하는 극단주의자 단체를 무너뜨리고자 하는데...",47.347,/3ntR66u2SHZ2UA3r3DjF2Dl6Kwx.jpg,2018-07-30,48686605,135,선구적인 연출가 스파이크 리 감독이 아메리칸 히어로의 놀라운 실화로 돌아왔다,블랙클랜스맨,1117313,1023139,1606394,Spike Lee,/ot3eZ9XfOF42a3zFWluMPWkfCHB.jpg,/gMVdhfQ7q9DFHhDkehrququjGPd.jpg,/s2B9HdnaaRq4L0WyaMbycnMESvv.jpg
80,N/A,23000000,35,Green Book,"1962년 미국, 입담과 주먹만 믿고 살아가던 토니 발레롱가(비고 모텐슨)는 교양과 우아함 그 자체인 천재 피아니스트 돈 셜리(마허샬라 알리)의 운전기사 면접을 보게 된다. 백악관에도 초청되는 등 미국 전역에서 콘서트 요청을 받으며 명성을 떨치고 있는 돈 셜리는 위험하기로 소문난 미국 남부 투어 공연을 떠나기로 결심하고, 투어 기간 동안 자신의 보디가드 겸 운전기사로 토니를 고용한다. 거친 인생을 살아온 토니와 교양과 기품을 지키며 살아온 돈. 생각, 행동, 말투, 취향까지 달라도 너무 다른 두 사람은 그들을 위한 여행안내서 그린북에 의존해 특별한 남부 투어를 시작하는데...",46.629,/hQw6PEX5t8I869GNiuz72EDsTuz.jpg,2018-11-16,63005401,130,삶을 변화시키는 인생가이드,그린북,110,932967,1817,Peter Farrelly,/78PjwaykLY2QqhMfWRDvmfbC6EV.jpg,/205t5YwbjdcLtxfsds09ZifIlFZ.jpg,/b05DiO4cFFKSNSE4tu3XpoiRDRw.jpg
